批號,Packing,品項,A6倉-包
26#8-0922,2026.09.14,PRRER-效01/11-GO-C,34
26#8-0922,2026.09.14,PRRERB-效01/11-GO-C,1
26#9-0929,2026.09.18~2026.09.21,PRRERB-效01/15~01/18-GO-C,20
26#7-0818,2026.08.10,PRSRL-效12/07-GO-C,13
26#9-0929,2026.09.21,PRTDL-效01/18-GO-C,53
26#7-0818,2026.08.10,PRSTL-效12/07-GO-C,5
26#9-0929,2026.09.18~2026.09.21,CHTDL-效01/15~01/18-GO-C,60
26#74-0911,2026.07.31~2026.08.05,PRRER-效10/26-SS-C,27
26#81-1001,2026.08.26,PRRER-效11/22-SS-C,20
26#81-1001,2026.08.24~2026.08.25,PRSRM-效11/21-SS-C,32
26#74-0911,2026.07.31~2026.08.05,PRTDL-效10/28-SS-C,21
26#81-1001,2026.08.25~2026.08.26,PRTDL-效11/12-SS-C,20
26#81-1001,2026.08.26,CHRER-效11/23-SS-C,12
26#80-0923,2026.08.18~2026.08.26,CHTDL-效11/15-SS-C,12
26#81-1001,2026.08.25,CHTDL-效11/22-SS-C,20
26#72-0908,2026.07.30,CHSRM-效10/25-SS-C,12
26#81-1001,2026.08.26,CHSRM-效11/23-SS-C,16
26#12-0915,2026.08.24,GFTDL-效01/11-TY-C,12
26#12-0915,2026.08.25~2026.08.26,GFRER-效01/12~01/13-TY-C,89
26#12-0915,2026.08.24,GSTDL-效11/01-TY-C,36
26#37-0922,2026.11.10,A5RER-GB-C,2
26#7-0819,2026.07.30,M45OB-效11/26-KR-C,1
26#7-0819,2026.07.30,M67FM-效11/26-KR-C,30
26#7-0819,2026.07.30,M89FKS-效11/26-KR-C,17
26#7-0819,2026.07.30,M89OB-效11/26-KR-C,5
26#7-0819,2026.07.27~2026.07.30,M89SRL-效11/23~11/26-KR-C,1
26#7-0819,2026.07.30,M9FM-效11/26-KR-C,24
26#8-0916,2026.08.31,M89RER-效12/28-KR-C,4
26#8-0916,2026.08.31,M89TDL-效12/28-KR-C,5