品項,總量,批號,製造日/到期日
20-24B,43,,
24-26B,0,,
26-28B,30,,
28-30B,44,,
30-34B,28,,
34-38B,49,,
38B,0,(散貨*6.5K)17P,
35B,0,,
21B,0,散貨,
10Q,64,,
12Q,66,,
W,57,,
TQ,26,,
36TQ,41,,
37TQ,0,,
12S,4,,
13S,16,,
60S,22,,
TS,24,,
TS300,0,,
PS(5入),11,,
12PS(4入),0,,
13PS,2,,
SL,23,,
C規,0,,
A規,0,,
L13(S規),0,,
L16,0,,
L17,0,,
L18,0,,
L19,0,,
L20,0,,
EP1-(10入),217,EP25#4CA,2027-05-15~2027-07-31
EP350-(9入),19,EP25#4CA,2027-5-20~06-10
EP335-(9入),266,EP25#4CA,2027-04-17~07-31
T-8入,19,,
14Z-7入,29,,
QB,2,,
QC12,19,,
G,2,,
FR8-8入,478,FL26#1,2027-10-09~2028-05-11
FRT-6入,99,FL26#1,2029-02-04~2029-02-11
EF-DCC,400,26#1-11503,2027-10-02
DCC-(切1公分)-單位包,13,1150826S,2027.10.02
SPC-7入,310,AD25#5-11503,2027-12-08~2028-01-16
SPC-7入,35,AD26#1,2028-04-08~04-27
SPB2-8入,88,25#4-11412,2027-11-20
SPB2-8入,40,AD26#1,2028-05-01
SPB2-(切1公分)-單位包,8,1150826S,2027.11.20
SPT-10入,73,AD25#2-11407,2027-06-11
SPT-10入,198,AD25#5-11503,2028-01-09
SPR10-2入,1,AD25#5-11503,2028-01-15
SPR10-2入,10,AD26#1,2028-05-01
SPR10-(延骨切)-單位根,8,1150826S,2028.01.15
SPL-4入,10,AD26#1,2028-05-11~05-19
SPK-3入,15,AD26#1,2028-04-28~04-30
ADC-7入,89,AD25#5-11503,2028-01-07~15
ADC-7入,35,AD26#1,2028-04-28~05-12
ADB2-8入,210,AD25#5-11503,2027-12-23~31
ADB2-8入,40,AD26#1,2028-04-22~05-01
ADHS-4入,42,AD25#5-11503,2027-12-17~2028-01-06
ADSL-12入,54,AD26#1,2028-05-01~05-12
ADJM-5入,0,AD25#5-11503,2027-12-16~17
ADJM-5入,0,AD26#1,2028-04-22
ADK-3入,9,AD25#3-11410,2027-08-27~2027-09-29
ADS-3入,93,AD26#1,2027-12-18~2028-05-06
ADR8-5入,0,AD25#5-11503,2027-12-10~2028-01-22
ADR8-5入,24,AD26#1,2028-04-15~04-28
ADC1,14,AD26#1,2028-05-14
ADSL1,119,AD26#1,2028-05-14~05-19
ADR81,23,AD26#1,2028-05-11~05-19
ADRM,2,AD26#1,2027-05-14
AD3,13,AD26#1,2027-03-16~04-30
CKC2,33,CK25#4-11408,2027-04-11~05-08
CET,17,CE24#3-11501,2027-05-23~07-05
JUP,1,JU25#2,2027-02月
JUP,17,JU25#2,2027-04月
JUP,9,JU25#2,2027-05月
JUP,33,JU25#2,2027-06月
JUP,23,JU25#2,2027-07月
JUP,23,JU25#2,2027-08月
JUP,6,JU25#2,2027-09月
JUP,8,JU25#2,2027-10月
JURM,34,JU25#2,2027-08-21~2027-09-02
JUT,9,JU25#2,2027-09-01~2027-10-08
BJUP,4,JU25#1-11409,2027-01-06~2027-02-16
BFMC-3入,294,FM25#1ES-11409,2027-01-29~01-31
BFMR10-2入,126,FM25#1ES-11409,2027-01-29~02-07
JOP-9入(01/07),400,JO25#1-11406,2027-01-07
JOP-9入(01/30),600,JO25#1-11406,2027-01-30
JOLT-5入,137,JO25#1-11406,2027-01-07
JOB-2入,16,JO25#1-11406,2027-02-25
JOT-8入,62,JO25#1-11406,2027-01-07
HF-LR,9,HF26#2,2029-04-21
LR22-8入,64,26#2-11505,2028-12-11~2029-03-06
BLR20,68,HF25#1,2027-11-16~2028-01-21
BLR24,30,HF25#1,2027-10-26~2028-01-21
LR24,15,AN26#2,2029-01-05~03-06
LR26,13,AN26#2,2029-01-28~03-06
LR28,15,AN26#2,2029-02-09~03-05
TMSB-8入,347,TM25#2-11408,2027-09-22~12-30
LRSB,8,HF26#2,2029-07-14
LHS,1,AN26#2,2028-08-23~09-04
NH5-6入,45,EU26#1NL-11509,2029-09-03
BH1-凍,9,1150727K6,2028-01-12
BH1-凍,58,1150903K6,2028-02-09
BH2-凍,6,1150727K6,2028-01-12
BH5-凍,6,1150515K,2027-10-10
PRRER-GO,11,GO26#2,2028-01-06~01-20
PRRER-YK-K,43,1150922K6,2028-07-06
PRRER-YK-K,7,1151005K6,2028-07-06
PRRER-GO-K,60,1150324K,2028-07-15
PRRER-GO-K,42,1150325K,2028-07-15
PRRER-GO-K,52,1150326K,2028-07-15
PRRER-GO-K,60,1150330K,2028-07-15
PRRER-GO-K,60,1150410K,2028-07-15
PRRER-GO-K,60,1150413K,2028-07-15
PRRER-GO-K,58,1150414K,2028-07-15
PRRER-GO-K,60,1150415K,2028-07-15
PRRER-GO-K,36,1150416K,2028-07-15
PRRER-GO-K-(185~225),2,1141016S,2027.10.09
PRRER-YK-K-(280~320),0,1150910S,2028.01.05
PRRER-YK-K-(280~320),0,1150915S,2028.06.09
PRRER-YK-K-(325~365),1,1150123S,2027.03.11
PRRER-YK-K-(325~365),2,1150910S,2028.01.05
PRRER-YK-K-(360~400),9,1150915S,2028.06.09
PRRER-YK-K-(450~489),0,1150527S,2027.12.15
PRRER-YK-K-(450~490),0,1150611S,2027.12.15
PRRER-YK-K-(480~520),1,1150121S,2027.04.02
PRRER-YK-K-(480~520),4,1150811S,2027.06.06
PRRER-SS-K-(900~960),1,1150116S,2027.03.22
PRRER-YK-K-(2公分),9,1150910S,2028.01.05
PRRER-SS-K-(3公分),2,1150116S,2027.03.22
PRTDL-YK-K-6入,44,1150303K,2027-12-12
PRTDL-YK-K-6入,23,1150427K,2028-02-11
PRTDL-YK-K-6入,18,1150525K,2028-03-08
PRTDL-GO-K-4入,4,1150204K,2028-07-15
PRTDL-GO-K-4入,3,1150416K,2028-07-15
PRTDL-GO-K-4入,3,1150525K,2028-09-02
PRTDL-SS-K,7,1150818K6,2028-05-26
PRTDL-YK-K,7,1150923K6,2028-07-05
PRSRM-SS-K-8入,9,1140611K,2027-03-22
PRSRM-SS-K-8入,0,1140908K,
PRSRM-SS-K-8入,42,1150112K,2027-10-21
PRSRM-SS-K-8入,12,1150303K,2027-12-08
PRSRM-SS-K-8入,15,1150827K6,2028-06-04
PRSRM-SS-K-8入,64,1150914K6,2028-06-22
PRSRM-GO-K,16,1150408K,2028-07-13
PRSRM-SS-K-8入,76,1151005K6,2028-07-16
PRSRM-SS-(對切),3,1150325S,2027.01.29
PRSRM-SS-(對切),16,1150409S,2027.01.29
PROB-SS,17,SS26#84,2028-03-14
PROB-SS-(對切),0,1151007S,2028.03.14
PRCFT-GO,7,GO26#2,2028-01-07~01-29
PRCER-GO-(十字切),3,1150409S,2028.02.11
PRCER-GO-(十字切),0,1151006S,2028.02.10
PRCER-YK-(十字切),0,1150819S,2028.02.10
PRCER-GO,60,GO26#2,2028-2-11~02-12
PRCER-YK-K,2,1150409K,2028-02-10
PRCER-YK-K,12,1150416K,2028-02-10
PRSRL-GO-5入,35,GO25#5-11407,2027-05-23
PRSRL-SS-K,2,1150303K,2027-12-08
PRSRL-SS-K,7,1150326K,2028-01-05
PRSRL-GO-K,8,1150416K,2028-07-13
PRSRL-SS-K,28,1150427K,2028-02-02
PRSRL-YK-K,14,1150525K,2028-03-08
PRSRL-SS-K,13,1150525K,2028-03-03
PRSRL-YK-K,14,1150622K6,2028-04-07
PRSRL-SS-K,5,1150817K6,2028-05-28
PRSRL-GO-(280~320),3,1150826S,2027.05.23
PRSRL-GO-(320~360),1,1141223S,2027.05.23
PRSTL-YK-K,12,1150430K,2028-02-09
PRSTL-YK-K,1,1150623K5,2028-11-17
PRSTL-YK-K,1,1150806K5,2028-06-09
PRSTL-GO-K,8,1150528K,2028-11-17
PRSTL-GO-K,1,1150819K5,2029-02-09
PRSTL-YK-K,37,1150921K6,2028-07-06
PRSTL-YK-K-(P規),2,1140711S,2027.03.07
PRSTL-YK-K-(3公分),4,1150915S,2028.02.09
PRSTL-YK-K-(950~1050),5,1150915S,2028.02.09
PRSTL-GO-K-(紅屋3公分),4,1150116S,2027.06.05
PRSTL-GO-K-(紅屋3公分),11,1150121S,2027.06.05
PRSTL-GO-K-(紅屋3公分),8,1150123S,2027.06.05
PRSTL-GO-K-(紅屋3公分),3,1150206S,2028.07.15
PRSTL-GO-K-(紅屋3公分),2,1150210S,2027.10.09
PRSTL-GO-K-(紅屋3公分),1,1150325S,2028.04.30
PRSTL-GO-K-(紅屋3公分),2,1150429S,2028.02.09
PRSTL-YK-K-(紅屋3公分),3,1150513S,2028.02.09
PRSTL-GO-3CM(紅屋)780~920G (電商EC用),0,,
PRRERB-YK,1,1150728K5,2028-05-12
PRRERB-GO-2入,7,1150408K,2028-07-13
PRRERB-GO-2入,2,1150824K6,2029-02-09
PRRERB-YK-K-(800~850),1,1150811S,2028.02.11
PRRERB-YK-K-(580~620),1片,1150910S,2028.02.11
PRRERB-YK-K-(800~850),3,1150910S,2028.02.11
PRSRMB-GO,8,GO26#2,2028-01-06~01-08
PRSRMB-GO(2.5公分),3,1150409S,2028.01.06
PRSRMB-SS(對切),1,1150910S,2027.04.03
PRSRMB-YK(延骨切+1開3),26,1150910S,2028.02.10
PRSRMB-GO(延骨切),6,1150826S,2028.02.10
ACCRM-YK-6入,49,YK26#21,2027-01-03
CHRER-YK,10,1150923K6,2028.07.07
CHSRM-SS-K-7入,9,1150706K6,2028.04.15
CHSRM-SS-K-7入,44,1150827K6,2028-06-07
CHSRM-SS-K-7入,24,1150914K6,2028-06-22
CHTDL-SS-K,1,1151005K6,2028-08-17
CHSRL-YK-(280~320),3,1150513S,2027.09.11
CHSRL-YK-(280~320),1,1150915S,2027.09.11
EMSPL-SS-4入,0,SS26#58,2027-12-01
EMSPL-SS-(十字切),0,1151006S,2027.12.01
SS-EMSPL-(十字切),0,1150910S,2027.11.19
SS-EMSPL-(十字切),0,1150910S,2027.12.01
SS-EMKPL,3,SS25#68,2027.01.10
M45RER-KR-K,26,,
RF-YK-16入,75,YK26#27,2028-01-28
CTD-YK,4,YK26#28,2028-04-22
CHBT-SS,36,SS26#69,2027-08-21
CHBT-SS(5公分),4,1150811S,2027.02.23
CHBT-SS(5公分),24,1150910S,2027.08.21
M89RER-KR-K,5,1140620K,2027-03-31
M89RER-KR-K,12,1140702K,2027-04-11
M89RER-KR-K,0,1141016K,2027-07-28
M89RER-KR-K,7,1141105K,2027-08-14
M89RER-KR-K,8,1141127K,2027-09-05
M89RER-KR-K,1,1150113K,2027-10-27
M89RER-KR-K,7,1150223K,2027-12-04
M89RER-KR-K,2,1150224K,2027-12-04
M89RER-KR-K,3,1150427K,2028-02-06
M9RER-KR-K,1,1150323K,2027-12-22
M89RER-KR-K-(200/250),1,1150415S,2027.07.28
M89RER-KR-K-(280/320),2,1150910S,2027.02.03
M89RER-KR-K-(3公分),3,1150915S,2027.02.14
M67TDL-KR-K,3,1150115K,2027-10-31
M67TDL-KR-K,18,1150210K,2027-11-25
M67TDL-KR-K,4,1150518K,2028-02-26
M89TDL-KR-K,13,1140620K,2027-03-31
M89TDL-KR-K,21,1140704K,2027-04-07
M89TDL-KR-K,3,1140905K,2027-06-13
M89TDL-KR-K,3,1141002K,2027-07-10
M89TDL-KR-K,2,1141113K,2027-08-25
M89TDL-KR-K,2,1141121K,2027-08-25
M89TDL-KR-K,2,1150115K,2027-10-27
M89TDL-KR-K,1,1150312K,2027-12-22
M89TDL-KR-K,12,1150602K,2028-03-01
M89TDL-KR-K,8,1150623K6,2028-03-22
M9TDL-KR-K,30,1140627K,2027-04-07
M9TDL-KR-K,8,1141113K,2027-08-20
M9TDL-KR-K,42,1141127K,2027-09-05
M9TDL-KR-K,4,1150210K,2027-11-25
M9TDL-KR-K,1,1150224K,2027-12-04
M9TDL-KR-K,1,1150312K,2027-12-22
M9TDL-KR-K,12,1150317K,2027-12-22
M9TDL-KR-K,3,1150622K6,2028-03-22
M9TDL-KR-K,4,1150623K5,2028-03-22
M9TDL-KR-K,6,1150729K5,2028-04-29
M89BTDL-KR-K,9,1140508K,2027-03-17
M89SRM-KR-K,6,11140508K,2027-02-14
M89SRM-KR-K,13,1140623K,2027-04-07
M89SRM-KR-K,6,1140704K,2027-04-11
M89SRM-KR-K,7,1140905K,2027-06-13
M89SRM-KR-K,6,1150410K,2028-01-16
M89SRM-KR-K,1,1150701K5,2028-05-04
M89SRM-KR-K,3,1150803K6,2028-05-04
M9SRM-KR-K,10,1140623K,2027-04-07
M9SRM-KR-K,30,1140704K,2027-04-11
M45OB-KR-K,4,1150115K,2027-10-16
M67OB-KR-K,15,1150120K,2027-10-31
M89OB-KR-K,11,1150115K,2027-10-31
M89OB-KR-K,15,1150202K,2027-11-13
M89OB-KR-K,3,1150622K6,2028-03-27
M89OB-KR-K,1,1150803K6,2028-05-04
M89OB-KR-K,3,1150914K6,2028-06-21
M9OB-KR-K,0,1140623K,2027-04-07
M9OB-KR-K,0,1140704K,2027-04-11
M9OB-KR-K,0,1141121K,2027-08-14
M9OB-KR-K,0,1141127K,2027-09-05
M9OB-KR-K,2,1150105K,2027-10-16
M9OB-KR-K,6,1150115K,2027-10-16
M9OB-KR-K,2,1150202K,2027-11-13
M9OB-KR-K,12,1150224K,2027-12-04
M45SRL-ST,11,ST24#8-11312,2026-11-15
M45SRL-KR-K,1,1140704K,2027-04-11
M45SRL-KR-K,2,1150202K,2027-11-13
M89SRL-KR-K,4,1150210K,2027-11-25
M9SRL-KR-K,5,1140704K,2027-04-11
M9SRL-KR-K,4,1150210K,2027-11-25
M89SRL-KR-K(280/320),1,1150811S,2027.04.11
M45CER-KR-K,2,1150903K5,2028-07-29
M45CER-KR-(十字切),0,1150910S,2028.07.29
M67FKS-KR-K,8,1150803K6,2028-05-04
M45BSTT-KR-K,14,1140930K,2027-07-10
M45BSTT-KR-K,18,1141105K,2027-08-14
M45BSTT-KR-K,14,1141127K,2027-09-05
M45BSTT-KR-K,7,1150115K,2027-10-16
M45BSTT-KR-K,8,1150202K,2027-11-13
M45BSTT-KR-K,12,1150224K,2027-12-04
M45BSTT-KR-K,1,1150410K,2028-01-16
M45BSTT-KR-K,5,1150803K6,2028-05-04
M67BSTT-KR-K,6,1150114K,2027-10-31
M89BBLD-KR-K-(對切),5,1150826S,2028.07.29
M89BBLD-KR-K-(十字切),0,1150910S,2028.07.29
M67-RFM-KR-K,48,1140604K,2027-03-15
M67-RFM-KR-K,32,1140611K,2027-03-15
M45-RFM-KR-K,43,1140702K,2027-04-11
M67-RFM-KR-K,24,1140702K,2027-04-11
M45-RFM-KR-K,47,1140905K,2027-06-13
M67-RFM-KR-K,108,1140905K,2027-06-13
M67-RFM-KR-K,8,1141105K,2027-08-14
M67-RFM-KR-K,37,1150115K,2027-10-16
M67-RFM-KR-K,24,1150202K,2027-11-13
M89-RFM-KR-K,8,1150803K6,2028-05-04
M-CKM-AT-12入,158,AT26#1,2027-05-15~06-05
M-CKM-AM-12入,1113,AM26#1,2027-05-29~06-26
M-CKM-MU-8入,223,MU26#2,2027-07-01~07-23
VLRERB-MU-7-9入,384,MU26#2,2028-06-25~06-29
VLTDL-MU-13-18入,123,MU26#2,2028-07-08~07-10
VLOS-MU-12入,70,MU26#2,2028-07-08
VLSB-MU-30入,58,MU26#2,2028-06-30~07-01
M-TL-KR-K,19,1140526K,2027-04-10
M-TL-KR-K,66,1140806K,2027-07-09
M-TL-KR-K,72,1140910K,2027-08-13
M-TL-KR-K,80,1141016K,2027-09-04
M-TL-KR-K,37,1141212K,2027-11-12
M-TL-KR-K,40,1141224K,2027-12-02
M-TL-KR-K,48,1150205K,2028-01-15
M-TL-KR-(切4公分),0,1150910S,2027.04.10
HTR-KR-K,19,1140808K,2027-06-12
HTR-KR-K,23,1140903K,2027-07-09
HTR-KR-K,22,1141029K,2027-09-04
HTR-KR-K,26,1141210K,2027-10-15
HTR-KR-K,17,1150127K,2027-12-02
HTR-KR-K,16,1150309K,2028-01-15
OST-KR-K,33,1140328K,2027-01-16
OST-KR-K,10,1150105K,2027-11-12
OST-KR-K,6,1150109K,2027-11-12
OST-KR-K,3,1150309K,2028-01-15
OST-KR-K,19,1150518K,2028.03.27
OST-KR-K,9,1150817K6,2027-12-24
M-TUE-KR-K,24,1140922K,2027-07-09
M-TUE-KR-K,8,1141027K,2027-08-13
M-TUE-KR-K,19,1141119K,2027-09-04
M-TUE-KR-K,24,1141229K,2027-10-15
M-TUE-KR-K,127,1150108K,2027-11-12
M-TUE-KR-K,18,1150127K,2027-12-02
M-TUE-KR-K,15,1150623K5,2027-10-28
M-TUE-KR-K,16,1150819K5,2027-12-24
M-MP-KR,3007,KR26#4,2028-01-27~03-11
ACSRL-TY-K,9,1140620K,2027-03-28
ACSRL-TY-K,20,1140630K,2027-04-11
ACSRL-TY-K,1,1141029K,2027-08-08
ACSRL-TY-K,2,1141119K,2027-08-29
ACSRL-TY-K,8,1141210K,2027-09-19
ACSRL-TY-K,3,1141215K,2027-09-19
ACSRL-TY-K,6,1150105K,2027-10-10
ACSRL-TY-K,4,1150120K,2027-10-31
ACSRL-TY-K,1,1150317K,2028-01-23
ACSRL-TY-K,4,1150323K,2027-12-31
ACSRL-TY-K,1,1150414K,2028-01-23
ACSRL-TY-K,6,1150605K,2028-03-26
ACSRL-TY-K,15,1150701K5,2028-04-16
ACSRL-TY-K,6,1150722K5,2028-05-07
ACTDL-TY-K,9,1140408K,2026-12-10
ACTDL-TY-K,11,1150105K,2027-10-10
ACTDL-TY-K,22,1150120K,2027-12-31
ACTDL-TY-K,10,1150206K,2027-11-21
ACTDL-TY-K,4,1150416K,2028-01-23
ACRER-TY-K,0,1140724K,
ACRER-TY-K,0,1140918K,
ACRER-TY-K,0,1141009K,
ACRER-TY-K,0,1141029K,
ACRER-TY-K,0,1141119K,
ACRER-TY-K,66,1150119K,2027-10-31
ACRER-TY-K,8,1150206K,2027-11-21
ACRER-TY-K,19,1150605K,2028-03-26
ACRER-TY-K,8,1150629K6,2028-04-16
ACRER-TY-(400~450),4,1150310S,2027.01.06
ACRER-TY-(溫度小館規),1,1150206S,2027.02.28
ACSRMB-TY-K,2,1140502K,2027-04-07
ACSRMB-TY-K,3,1150528K,2027-04-30
ACSRMB-TY-(2.5公分),2,1150409S,2027.01.31
ACSRMB-TY-(對切),2,1150409S,2027.03.27
GFRER-TY-K,1,1150812K5,2028-07-19
GFRER-TY-K,26,1150803K6,2028-05-19
GFRER-TY-K,11,1151005K6,2028-07-19
GFSRL-TY-K,1,1150803K6,2028-05-18
GFTDL-TY-K,2,1150803K6,2028-05-19
GFTDL-TY-K,5,1151005K6,2028-07-21
GFHTR-TY-K,11,1150528K,2027-09-22
GFHTR-TY-K,20,1150615K6,2027-10-15
GFHTR-TY-K,12,1150706K6,2027-11-06
GFCKM-TY-K,83,1150907K6,2028-08-17
GFCKM-TY-K,130,1150908K6,2028-08-17
GFCKM-TY-K,110,1150917K6,2028-08-23
GFTUE-TY-K,133,1140922K,2027-07-28
GFOB-TY-K,1,1150812K5,2028-07-19
PSRER-HF,0,HF26#1,2029-04-23~06-03
PSTDL-HF(50457),40,HF26#1,2029-04-23~06-23
PSTDL-HF(90457),36,HF26#1,2029-05-10~06-14
美牛邊角料,,,
帶骨邊角,,,
龍蝦尾YE-RR,28,YE25#1,2027-07-08
A5SRL-K-(0.2公分),1,1150902S,2028.02.09
A5CER-K-(3小顆),1,1150528K,2028-03-31
A5CER-K-(對切),3,1150727S,2027.12.09
A5FKS-K,1,1150901K5,2028-06-17
A5RER-K,1,1150414K,2028-01-14
A5RER-K,2,1150730K,2028-04-29
A5CTD-K,1,1140721K,2027-05-20
PRRER-GO-28天,9,1150922AKS,2026.12.20
PRSRL-GO-28天,11,1150922AKS,2026.12.20
,,,\